[
  {
    "value": "Arboretum",
    "synonyms": [
      "Arboretum"
    ]
  },
  {
    "value": "Capitol",
    "synonyms": [
      "Capitol"
    ]
  },
  {
    "value": "Chazen",
    "synonyms": [
      "Chazen"
    ]
  },
  {
    "value": "Epic",
    "synonyms": [
      "Epic"
    ]
  },
  {
    "value": "Henry Vilas",
    "synonyms": [
      "HenryVilas"
    ]
  },
  {
    "value": "Memorial Terrace",
    "synonyms": [
      "MemorialTerrace"
    ]
  },
  {
    "value": "Mendota",
    "synonyms": [
      "Mendota"
    ]
  },
  {
    "value": "Olbrich",
    "synonyms": [
      "Olbrich"
    ]
  }
]