[
  {
    "id": "dd62ac60-dd97-400e-a0a6-dc7cc73adad2",
    "data": [
      {
        "text": "post my messages",
        "userDefined": false
      }
    ],
    "isTemplate": false,
    "count": 0,
    "lang": "en",
    "updated": 0
  },
  {
    "id": "de201442-9e2a-4781-87de-6f5f4b4bec3c",
    "data": [
      {
        "text": "I want to make a post",
        "userDefined": false
      }
    ],
    "isTemplate": false,
    "count": 0,
    "lang": "en",
    "updated": 0
  },
  {
    "id": "7974f4a9-1a38-4125-89eb-4fe5d63be689",
    "data": [
      {
        "text": "create a post",
        "userDefined": false
      }
    ],
    "isTemplate": false,
    "count": 0,
    "lang": "en",
    "updated": 0
  }
]