[
  {
    "id": "6cde7af2-8e07-464e-8c77-ece7eff8967d",
    "data": [
      {
        "text": "I want to eat ice-cream",
        "userDefined": false
      }
    ],
    "isTemplate": false,
    "count": 0,
    "lang": "en",
    "updated": 0
  },
  {
    "id": "f60eec25-d845-4b2c-ab59-6e780a4b270a",
    "data": [
      {
        "text": "Today is good",
        "userDefined": false
      }
    ],
    "isTemplate": false,
    "count": 0,
    "lang": "en",
    "updated": 0
  },
  {
    "id": "69f2ee16-70a7-4f5c-9e61-f4ac9f96b0b5",
    "data": [
      {
        "text": "I don\u0027t know",
        "userDefined": false
      }
    ],
    "isTemplate": false,
    "count": 0,
    "lang": "en",
    "updated": 0
  }
]