[
  {
    "id": "c31791c3-e42f-407f-a88a-7bb2828dce22",
    "data": [
      {
        "text": "what is the name of chatrooms",
        "userDefined": false
      }
    ],
    "isTemplate": false,
    "count": 0,
    "lang": "en",
    "updated": 0
  },
  {
    "id": "b3cf9135-ee65-4206-8716-7ad65affd9b8",
    "data": [
      {
        "text": "tell me all the chatrooms",
        "userDefined": false
      }
    ],
    "isTemplate": false,
    "count": 0,
    "lang": "en",
    "updated": 0
  },
  {
    "id": "f7c01be3-3a05-4d0b-920a-0c1d140e355f",
    "data": [
      {
        "text": "what are the chatrooms",
        "userDefined": false
      }
    ],
    "isTemplate": false,
    "count": 0,
    "lang": "en",
    "updated": 0
  }
]