[
  {
    "id": "54d72609-24f5-48b4-8004-e73c90c69850",
    "data": [
      {
        "text": "what\u0027s up",
        "userDefined": false
      }
    ],
    "isTemplate": false,
    "count": 0,
    "lang": "en",
    "updated": 0
  },
  {
    "id": "f242d1ab-aa41-45d1-8bd9-1f49e71a87f2",
    "data": [
      {
        "text": "what are the ",
        "userDefined": false
      },
      {
        "text": "7",
        "meta": "@sys.number",
        "alias": "number",
        "userDefined": true
      },
      {
        "text": " latest messages in ",
        "userDefined": false
      },
      {
        "text": "Olbrich",
        "meta": "@roomName",
        "alias": "roomName",
        "userDefined": true
      }
    ],
    "isTemplate": false,
    "count": 0,
    "lang": "en",
    "updated": 0
  },
  {
    "id": "047a3442-2136-4e5d-a9ca-ed078a0ddef2",
    "data": [
      {
        "text": "what are the ",
        "userDefined": false
      },
      {
        "text": "3",
        "meta": "@sys.number",
        "alias": "number",
        "userDefined": true
      },
      {
        "text": " latest messages in ",
        "userDefined": false
      },
      {
        "text": "Mendota",
        "meta": "@roomName",
        "alias": "roomName",
        "userDefined": true
      }
    ],
    "isTemplate": false,
    "count": 0,
    "lang": "en",
    "updated": 0
  },
  {
    "id": "c1862563-2f2f-4ad4-a52d-31d91e9ced54",
    "data": [
      {
        "text": "what\u0027s up in ",
        "userDefined": false
      },
      {
        "text": "capitol",
        "meta": "@roomName",
        "alias": "roomName",
        "userDefined": true
      }
    ],
    "isTemplate": false,
    "count": 0,
    "lang": "en",
    "updated": 0
  }
]