[
  {
    "id": "ce773b2a-ddaa-41e9-a5d6-4f50d5b4cf5a",
    "data": [
      {
        "text": "get the total number of posts for ",
        "userDefined": false
      },
      {
        "text": "capitol",
        "meta": "@roomName",
        "alias": "roomName",
        "userDefined": true
      }
    ],
    "isTemplate": false,
    "count": 0,
    "lang": "en",
    "updated": 0
  },
  {
    "id": "f88543fd-0b40-41aa-beae-768bcd85b42f",
    "data": [
      {
        "text": "get the total number of posts for ",
        "userDefined": false
      },
      {
        "text": "epic",
        "meta": "@roomName",
        "alias": "roomName",
        "userDefined": true
      }
    ],
    "isTemplate": false,
    "count": 0,
    "lang": "en",
    "updated": 0
  },
  {
    "id": "189ed9c8-ecaf-4506-a48e-12b0dd708c19",
    "data": [
      {
        "text": "get the total number of posts",
        "userDefined": false
      }
    ],
    "isTemplate": false,
    "count": 0,
    "lang": "en",
    "updated": 0
  }
]