[
  {
    "id": "859e02b5-faf4-4c4c-b8ce-3a3f1f7b15ef",
    "data": [
      {
        "text": "how many users in BadgerChat",
        "userDefined": false
      }
    ],
    "isTemplate": false,
    "count": 0,
    "lang": "en",
    "updated": 0
  },
  {
    "id": "e2448c0d-a52c-4ad0-bfe3-8b9d74bef301",
    "data": [
      {
        "text": "how many users are here",
        "userDefined": false
      }
    ],
    "isTemplate": false,
    "count": 0,
    "lang": "en",
    "updated": 0
  },
  {
    "id": "20388339-88a3-42d4-bcb0-4439dddd7ad1",
    "data": [
      {
        "text": "get the total number of users",
        "userDefined": false
      }
    ],
    "isTemplate": false,
    "count": 0,
    "lang": "en",
    "updated": 0
  }
]